,altitude,distance,constant
0,-2.302341888086144,1.7552813419618503,144680.3687782262
